date/time,PINALat,GILLlat,ClosestStation,Elevation [deg],ELFINeflux [erg/cm^2/s],ELFINenergy [keV]
2022-09-04/04:17:00,61.1741,67.0371,pina,NaN,-1,-1
2022-09-04/04:17:01,61.1741,67.0371,pina,NaN,-1,-1
2022-09-04/04:17:02,61.1741,67.0371,pina,NaN,-1,-1
2022-09-04/04:17:03,61.1741,67.0371,pina,NaN,-1,-1
2022-09-04/04:17:04,61.1741,67.0371,pina,NaN,-1,-1
2022-09-04/04:17:05,61.1741,67.0371,pina,NaN,-1,-1
2022-09-04/04:17:06,61.1741,67.0371,pina,NaN,-1,-1
2022-09-04/04:17:07,61.1741,67.0371,pina,NaN,-1,-1
2022-09-04/04:17:08,61.1741,67.0371,pina,NaN,-1,-1
2022-09-04/04:17:09,61.1741,67.0371,pina,NaN,-1,-1
2022-09-04/04:17:10,61.1741,67.0371,pina,NaN,-1,-1
2022-09-04/04:17:11,61.1741,67.0371,pina,NaN,-1,-1
2022-09-04/04:17:12,61.1741,67.0371,pina,NaN,-1,-1
2022-09-04/04:17:13,61.1741,67.0371,pina,NaN,-1,-1
2022-09-04/04:17:14,61.1741,67.0371,pina,NaN,-1,-1
2022-09-04/04:17:15,61.1741,67.0371,pina,NaN,-1,-1
2022-09-04/04:17:16,61.1741,67.0371,pina,NaN,-1,-1
2022-09-04/04:17:17,61.1741,67.0371,pina,NaN,-1,-1
2022-09-04/04:17:18,61.1741,67.0371,pina,NaN,-1,-1
2022-09-04/04:17:19,61.1741,67.0371,pina,NaN,-1,-1
2022-09-04/04:17:20,61.1741,67.0371,pina,NaN,-1,-1
2022-09-04/04:17:21,61.1741,67.0371,pina,NaN,-1,-1
2022-09-04/04:17:22,61.1741,67.0371,pina,NaN,-1,-1
2022-09-04/04:17:23,61.1741,67.0371,pina,NaN,-1,-1
2022-09-04/04:17:24,61.1741,67.0371,pina,NaN,-1,-1
2022-09-04/04:17:25,61.1741,67.0371,pina,NaN,-1,-1
2022-09-04/04:17:26,61.1741,67.0371,pina,NaN,-1,-1
2022-09-04/04:17:27,61.1741,67.0371,pina,NaN,-1,-1
2022-09-04/04:17:28,61.1741,66.8476,pina,NaN,-1,-1
2022-09-04/04:17:29,61.1741,66.8476,pina,NaN,-1,-1
2022-09-04/04:17:30,61.1741,66.6536,pina,NaN,-1,-1
2022-09-04/04:17:31,61.1741,66.6536,pina,NaN,-1,-1
2022-09-04/04:17:32,61.1741,66.6536,pina,NaN,-1,-1
2022-09-04/04:17:33,61.1741,66.6536,pina,NaN,-1,-1
2022-09-04/04:17:34,61.1741,66.6536,pina,NaN,-1,-1
2022-09-04/04:17:35,61.1741,66.3098,pina,NaN,-1,-1
2022-09-04/04:17:36,61.1741,66.3098,pina,NaN,-1,-1
2022-09-04/04:17:37,61.1741,66.3098,pina,NaN,-1,-1
2022-09-04/04:17:38,61.1741,66.3098,pina,NaN,-1,-1
2022-09-04/04:17:39,61.1741,66.3098,pina,NaN,-1,-1
2022-09-04/04:17:40,61.1741,66.1187,pina,NaN,-1,-1
2022-09-04/04:17:41,61.1741,66.1187,pina,NaN,-1,-1
2022-09-04/04:17:42,61.1741,66.1187,pina,NaN,-1,-1
2022-09-04/04:17:43,61.1741,65.8075,pina,NaN,-1,-1
2022-09-04/04:17:44,61.1741,65.8075,pina,NaN,-1,-1
2022-09-04/04:17:45,61.1741,65.8075,pina,NaN,-1,-1
2022-09-04/04:17:46,61.1741,65.8075,pina,NaN,-1,-1
2022-09-04/04:17:47,61.1741,65.8075,pina,NaN,-1,-1
2022-09-04/04:17:48,61.1741,65.5307,pina,NaN,-1,-1
2022-09-04/04:17:49,61.1741,65.5307,pina,NaN,-1,-1
2022-09-04/04:17:50,61.1741,65.5307,pina,NaN,-1,-1
2022-09-04/04:17:51,61.1741,65.3391,pina,NaN,-1,-1
2022-09-04/04:17:52,61.1741,65.3391,pina,NaN,-1,-1
2022-09-04/04:17:53,61.1741,65.3391,pina,NaN,-1,-1
2022-09-04/04:17:54,61.1741,65.3391,pina,NaN,-1,-1
2022-09-04/04:17:55,61.1741,65.0902,pina,NaN,-1,-1
2022-09-04/04:17:56,61.1741,65.0902,pina,NaN,-1,-1
2022-09-04/04:17:57,61.1741,65.0902,pina,NaN,-1,-1
2022-09-04/04:17:58,61.1741,65.0902,pina,NaN,-1,-1
2022-09-04/04:17:59,61.1741,64.8709,pina,NaN,-1,-1
2022-09-04/04:18:00,61.1741,64.8709,pina,NaN,-1,-1
2022-09-04/04:18:01,61.1741,64.6798,pina,NaN,-1,-1
2022-09-04/04:18:02,61.1741,64.6798,pina,NaN,-1,-1
2022-09-04/04:18:03,61.1741,64.6798,pina,NaN,-1,-1
2022-09-04/04:18:04,61.1741,64.4842,pina,NaN,-1,-1
2022-09-04/04:18:05,61.1741,64.4842,pina,NaN,-1,-1
2022-09-04/04:18:06,61.1741,64.4842,pina,NaN,-1,-1
2022-09-04/04:18:07,61.1741,64.4842,pina,NaN,-1,-1
2022-09-04/04:18:08,61.1741,64.2977,pina,NaN,-1,-1
2022-09-04/04:18:09,61.1741,64.2977,pina,NaN,-1,-1
2022-09-04/04:18:10,61.1741,64.1239,pina,NaN,-1,-1
2022-09-04/04:18:11,61.1741,64.1239,pina,NaN,-1,-1
2022-09-04/04:18:12,61.1741,64.1239,pina,NaN,-1,-1
2022-09-04/04:18:13,61.0504,63.9736,pina,NaN,-1,-1
2022-09-04/04:18:14,61.0504,63.9736,pina,NaN,-1,-1
2022-09-04/04:18:15,61.0504,63.7884,pina,NaN,-1,-1
2022-09-04/04:18:16,61.0504,63.7884,pina,NaN,-1,-1
2022-09-04/04:18:17,61.0504,63.7884,pina,NaN,-1,-1
2022-09-04/04:18:18,61.0504,63.6565,pina,NaN,-1,-1
2022-09-04/04:18:19,61.0504,63.6565,pina,NaN,-1,-1
2022-09-04/04:18:20,61.0504,63.4761,pina,NaN,-1,-1
2022-09-04/04:18:21,61.0504,63.4761,pina,NaN,-1,-1
2022-09-04/04:18:22,61.0504,63.3609,pina,NaN,-1,-1
2022-09-04/04:18:23,61.0504,63.3609,pina,NaN,-1,-1
2022-09-04/04:18:24,61.0504,63.3609,pina,NaN,-1,-1
2022-09-04/04:18:25,61.0504,63.0854,pina,NaN,-1,-1
2022-09-04/04:18:26,61.0504,63.0854,pina,NaN,-1,-1
2022-09-04/04:18:27,61.0504,63.0854,pina,NaN,-1,-1
2022-09-04/04:18:28,61.0504,63.0854,pina,NaN,-1,-1
2022-09-04/04:18:29,61.0504,63.0032,pina,NaN,-1,-1
2022-09-04/04:18:30,61.0504,62.8285,pina,NaN,-1,-1
2022-09-04/04:18:31,61.0504,62.8285,pina,NaN,-1,-1
2022-09-04/04:18:32,61.0504,62.759,pina,NaN,-1,-1
2022-09-04/04:18:33,61.0504,62.759,pina,NaN,-1,-1
2022-09-04/04:18:34,61.0504,62.5311,pina,NaN,-1,-1
2022-09-04/04:18:35,61.0504,62.5311,pina,NaN,-1,-1
2022-09-04/04:18:36,61.0504,62.5311,pina,NaN,-1,-1
2022-09-04/04:18:37,61.0504,62.3182,pina,NaN,-1,-1
2022-09-04/04:18:38,61.0504,62.3182,pina,NaN,-1,-1
2022-09-04/04:18:39,61.0504,62.3182,pina,NaN,-1,-1
2022-09-04/04:18:40,61.0504,62.3182,pina,NaN,-1,-1
2022-09-04/04:18:41,61.0504,62.1192,pina,NaN,-1,-1
2022-09-04/04:18:42,61.0504,62.1192,pina,NaN,-1,-1
2022-09-04/04:18:43,61.0504,62.1192,pina,NaN,-1,-1
2022-09-04/04:18:44,61.0504,61.933,pina,NaN,-1,-1
2022-09-04/04:18:45,61.0504,61.933,pina,NaN,-1,-1
2022-09-04/04:18:46,60.7201,61.933,pina,NaN,-1,-1
2022-09-04/04:18:47,60.7201,61.7588,pina,NaN,-1,-1
2022-09-04/04:18:48,60.5583,61.7588,pina,NaN,-1,-1
2022-09-04/04:18:49,60.5583,61.5956,pina,NaN,-1,-1
2022-09-04/04:18:50,60.5583,61.5956,pina,NaN,-1,-1
2022-09-04/04:18:51,60.5583,61.5956,pina,NaN,-1,-1
2022-09-04/04:18:52,60.5583,61.4427,pina,NaN,-1,-1
2022-09-04/04:18:53,60.5583,61.4427,pina,NaN,0.0442472,0.756
2022-09-04/04:18:54,60.5583,61.3095,pina,NaN,0.0442472,0.756
2022-09-04/04:18:55,60.5583,61.2992,pina,NaN,0.0442472,0.756
2022-09-04/04:18:56,60.5583,61.1801,gill,5.85122,-1,-1
2022-09-04/04:18:57,60.5583,61.1646,gill,6.1124,-1,-1
2022-09-04/04:18:58,60.5583,61.0585,gill,6.03212,-1,-1
2022-09-04/04:18:59,60.5583,61.038,gill,6.31464,-1,-1
2022-09-04/04:19:00,60.5583,60.9191,gill,6.50325,0.091809,0.839
2022-09-04/04:19:01,60.5583,60.9191,gill,6.50325,0.091809,0.839
2022-09-04/04:19:02,60.5583,60.8072,gill,6.67819,-1,-1
2022-09-04/04:19:03,60.5583,60.7018,gill,6.83942,-1,-1
2022-09-04/04:19:04,60.5583,60.7018,gill,6.83942,-1,-1
2022-09-04/04:19:05,60.5583,60.6026,gill,6.98689,-1,-1
2022-09-04/04:19:06,60.5583,60.509,gill,7.12055,-1,-1
2022-09-04/04:19:07,60.5583,60.509,gill,7.12055,-1,-1
2022-09-04/04:19:08,60.5583,60.4208,gill,7.24039,-1,-1
2022-09-04/04:19:09,60.3947,60.3375,gill,7.34637,-1,-1
2022-09-04/04:19:10,60.119,60.2589,gill,7.43845,-1,-1
2022-09-04/04:19:11,60.119,60.2589,gill,7.43845,-1,-1
2022-09-04/04:19:12,60.119,60.1847,gill,7.51662,-1,-1
2022-09-04/04:19:13,60.119,60.0682,gill,8.04308,-1,-1
2022-09-04/04:19:14,60.119,59.9993,gill,8.11479,-1,-1
2022-09-04/04:19:15,59.9779,59.9342,gill,8.17251,-1,-1
2022-09-04/04:19:16,59.9779,59.8726,gill,8.21621,-1,-1
2022-09-04/04:19:17,59.7067,59.8143,gill,8.24588,-1,-1
2022-09-04/04:19:18,59.7067,59.8143,gill,8.24588,-1,-1
2022-09-04/04:19:19,59.7067,59.6546,gill,8.8198,-1,-1
2022-09-04/04:19:20,59.5867,59.6031,gill,8.8287,-1,-1
2022-09-04/04:19:21,59.5867,59.5543,gill,8.82351,-1,-1
2022-09-04/04:19:22,59.5867,59.5081,gill,8.80421,-1,-1
2022-09-04/04:19:23,59.3203,59.3683,gill,9.35306,-1,-1
2022-09-04/04:19:24,59.2198,59.3272,gill,9.31273,-1,-1
2022-09-04/04:19:25,59.2198,59.3272,gill,9.31273,-1,-1
2022-09-04/04:19:26,59.2198,59.2881,gill,9.25828,-1,-1
2022-09-04/04:19:27,59.2198,59.127,gill,9.71267,-1,-1
2022-09-04/04:19:28,59.2198,59.127,gill,9.71267,-1,-1
2022-09-04/04:19:29,58.8759,59.0938,gill,9.62288,-1,-1
2022-09-04/04:19:30,58.8759,58.949,gill,10.0226,-1,-1
2022-09-04/04:19:31,58.8759,58.949,gill,10.0226,-1,-1
2022-09-04/04:19:32,58.8759,58.8151,gill,10.3886,-1,-1
2022-09-04/04:19:33,58.8759,58.8151,gill,10.3886,-1,-1
2022-09-04/04:19:34,58.8759,58.6674,gill,10.5524,-1,-1
2022-09-04/04:19:35,58.5538,58.6674,gill,10.5524,-1,-1
2022-09-04/04:19:36,58.5538,58.5536,gill,10.8286,-1,-1
2022-09-04/04:19:37,58.5538,58.5536,gill,10.8286,-1,-1
2022-09-04/04:19:38,58.5538,58.447,gill,11.0703,-1,-1
2022-09-04/04:19:39,58.2521,58.3468,gill,11.2774,-1,-1
2022-09-04/04:19:40,58.2521,58.3468,gill,11.2774,-1,-1
2022-09-04/04:19:41,58.2521,58.2521,gill,11.4496,-1,-1
2022-09-04/04:19:42,58.2521,58.1624,gill,11.5868,0.0506847,0.823
2022-09-04/04:19:43,58.2521,58.1624,gill,11.5868,0.0506847,0.823
2022-09-04/04:19:44,57.9534,58.0769,gill,11.689,0.113653,0.857
2022-09-04/04:19:45,57.9534,58.011,gill,12.0754,0.144092,0.857
2022-09-04/04:19:46,57.9534,57.9323,gill,12.1287,0.191217,0.93
2022-09-04/04:19:47,57.9534,57.8564,gill,12.1467,0.527773,0.97
2022-09-04/04:19:48,57.7013,57.7987,gill,12.4995,0.520046,0.97
2022-09-04/04:19:49,57.7013,57.7275,gill,12.4682,0.504531,0.97
2022-09-04/04:19:50,57.7013,57.6742,gill,12.8009,0.429435,0.95
2022-09-04/04:19:51,57.7013,57.6067,gill,12.72,0.464349,0.95
2022-09-04/04:19:52,57.4651,57.4925,gill,12.9018,0.372189,0.95
2022-09-04/04:19:53,57.4651,57.4925,gill,12.9018,0.448916,0.95
2022-09-04/04:19:54,57.4651,57.3834,gill,13.0131,0.233251,0.93
2022-09-04/04:19:55,57.2439,57.3396,gill,13.284,0.278802,0.95
2022-09-04/04:19:56,57.2439,57.2367,gill,13.3038,0.303785,0.95
2022-09-04/04:19:57,57.2439,57.2367,gill,13.3038,0.303785,0.95
2022-09-04/04:19:58,57.0368,57.0977,gill,13.475,0.422121,0.95
2022-09-04/04:19:59,57.0368,57.0977,gill,13.475,0.577338,0.97
2022-09-04/04:20:00,57.0368,57.0601,gill,13.6905,0.556304,0.97
2022-09-04/04:20:01,57.0368,56.9281,gill,13.7135,0.730343,1.043
2022-09-04/04:20:02,56.8428,56.8932,gill,13.8941,0.86389,1.043
2022-09-04/04:20:03,56.8428,56.8591,gill,14.0679,0.929939,1.043
2022-09-04/04:20:04,56.6611,56.7316,gill,13.9139,1.05047,1.043
2022-09-04/04:20:05,56.6611,56.6992,gill,14.0524,1.21736,1.065
2022-09-04/04:20:06,56.6611,56.6672,gill,14.1839,1.27335,1.065
2022-09-04/04:20:07,56.4908,56.5347,gill,13.8526,1.24797,1.065
2022-09-04/04:20:08,56.4908,56.4703,gill,14.0377,1.38642,1.065
2022-09-04/04:20:09,56.4908,56.4385,gill,14.1197,1.58122,1.065
2022-09-04/04:20:10,56.3314,56.3755,gill,14.2626,1.6493,1.065
2022-09-04/04:20:11,56.3314,56.313,gill,14.3774,1.84855,1.156
2022-09-04/04:20:12,56.182,56.2508,gill,14.4639,1.95002,1.156
2022-09-04/04:20:13,56.182,56.1887,gill,14.5221,2.09975,1.254
2022-09-04/04:20:14,56.0421,56.0952,gill,14.5562,3.10578,1.483
2022-09-04/04:20:15,56.0421,56.0322,gill,14.5434,4.04079,1.715
2022-09-04/04:20:16,55.911,55.9684,gill,14.5022,5.68531,2.099
2022-09-04/04:20:17,55.911,55.9036,gill,14.4327,12.3455,2.923
2022-09-04/04:20:18,55.7882,55.8374,gill,14.3349,14.2875,3.14
2022-09-04/04:20:19,55.7882,55.7697,gill,14.2088,20.3682,3.767
2022-09-04/04:20:20,55.6732,55.7006,gill,14.0546,23.3946,4.096
2022-09-04/04:20:21,55.6732,55.6659,gill,13.967,25.2125,4.096
2022-09-04/04:20:22,55.5856,55.5609,gill,14.3326,28.7578,4.435
2022-09-04/04:20:23,55.473,55.487,gill,14.0792,28.7537,4.435
2022-09-04/04:20:24,55.473,55.4489,gill,13.9421,27.8094,4.435
2022-09-04/04:20:25,55.3676,55.4099,gill,13.7981,25.4441,4.096
2022-09-04/04:20:26,55.2689,55.2946,gill,13.9294,26.1518,4.096
2022-09-04/04:20:27,55.2689,55.2523,gill,13.7502,26.4146,4.096
2022-09-04/04:20:28,55.1764,55.2088,gill,13.5642,26.4513,4.096
2022-09-04/04:20:29,55.09,55.1277,gill,13.7328,28.1559,4.435
2022-09-04/04:20:30,55.09,55.081,gill,13.5186,27.7671,4.435
2022-09-04/04:20:31,55.0092,54.9938,gill,13.5951,21.897,3.767
2022-09-04/04:20:32,55.0092,54.9432,gill,13.353,21.7402,3.767
2022-09-04/04:20:33,54.8298,54.8481,gill,13.3374,18.0686,3.442
2022-09-04/04:20:34,54.7555,54.7927,gill,13.0678,17.8373,3.442
2022-09-04/04:20:35,54.6861,54.6877,gill,12.9606,21.0942,3.767
2022-09-04/04:20:36,54.6214,54.6877,gill,12.9606,21.0942,3.767
2022-09-04/04:20:37,54.6214,54.5744,gill,12.783,20.2909,3.767
2022-09-04/04:20:38,54.561,54.5744,gill,12.783,21.3512,3.767
2022-09-04/04:20:39,54.561,54.4515,gill,12.5352,17.811,3.442
2022-09-04/04:20:40,54.3409,54.4515,gill,12.5352,17.811,3.442
2022-09-04/04:20:41,54.2892,54.3173,gill,12.2178,17.1639,3.442
2022-09-04/04:20:42,54.2892,54.3173,gill,12.2178,17.1639,3.442
2022-09-04/04:20:43,54.2411,54.25,gill,12.2025,16.5378,3.442
2022-09-04/04:20:44,54.2411,54.1697,gill,11.8311,16.3221,3.442
2022-09-04/04:20:45,54.0028,54.0944,gill,11.7668,16.1439,3.442
2022-09-04/04:20:46,53.9647,54.0138,gill,11.6673,16.3099,3.442
2022-09-04/04:20:47,53.9647,53.9273,gill,11.5327,16.163,3.442
2022-09-04/04:20:48,53.9647,53.9273,gill,11.5327,16.163,3.442
2022-09-04/04:20:49,53.7542,53.8343,gill,11.3632,9.77699,2.715
2022-09-04/04:20:50,53.7244,53.7341,gill,11.1587,28.2755,4.435
2022-09-04/04:20:51,53.7244,53.7341,gill,11.1587,28.2755,4.435
2022-09-04/04:20:52,53.537,53.626,gill,10.9196,30.0251,4.435
2022-09-04/04:20:53,53.537,53.5113,gill,10.646,24.6155,4.096
2022-09-04/04:20:54,53.537,53.5113,gill,10.646,24.6155,4.096
2022-09-04/04:20:55,53.346,53.3868,gill,10.338,23.858,4.096
2022-09-04/04:20:56,53.346,53.3868,gill,10.338,21.5842,3.767
2022-09-04/04:20:57,53.346,53.2513,gill,9.996,24.3465,4.096
2022-09-04/04:20:58,53.1914,53.243,gill,10.1227,25.4067,4.096
2022-09-04/04:20:59,53.1914,53.0918,gill,9.72545,24.8825,4.096
2022-09-04/04:21:00,53.0487,53.0918,gill,9.72545,24.8825,4.096
2022-09-04/04:21:01,53.0487,53.0918,gill,9.72545,24.8825,4.096
2022-09-04/04:21:02,52.9163,52.9074,gill,9.36468,20.5603,3.767
2022-09-04/04:21:03,52.9163,52.9074,gill,9.36468,20.5603,3.767
2022-09-04/04:21:04,52.7932,52.9074,gill,9.36468,20.5603,3.767
2022-09-04/04:21:05,52.7932,52.7206,gill,8.8796,17.9595,3.442
2022-09-04/04:21:06,52.6783,52.694,gill,8.91437,17.3025,3.442
2022-09-04/04:21:07,52.6783,52.664,gill,8.93504,14.9575,3.185
2022-09-04/04:21:08,52.5706,52.664,gill,8.93504,14.7135,3.185
2022-09-04/04:21:09,52.4694,52.4458,pina,9.00836,3.85732,1.588
2022-09-04/04:21:10,52.4694,52.4458,pina,9.00836,3.85732,1.588
2022-09-04/04:21:11,52.3737,52.4059,pina,9.07261,2.13571,1.254
2022-09-04/04:21:12,52.2869,52.3622,pina,9.44828,1.84489,1.156
2022-09-04/04:21:13,52.2869,52.3145,pina,9.44828,1.84489,1.156
2022-09-04/04:21:14,52.2,52.1558,pina,9.46442,1.41946,1.065
2022-09-04/04:21:15,52.1172,52.104,pina,9.44592,1.16505,1.065
2022-09-04/04:21:16,52.0413,52.0477,pina,9.78835,1.14754,1.065
2022-09-04/04:21:17,51.9647,51.9867,pina,9.72142,0.993688,1.043
2022-09-04/04:21:18,51.8948,51.9209,pina,10.044,0.807905,1.043
2022-09-04/04:21:19,51.8948,51.9209,pina,10.044,0.807905,1.043
2022-09-04/04:21:20,51.8232,51.8499,pina,9.92844,0.481932,0.95
2022-09-04/04:21:21,51.7585,51.7735,pina,10.2309,0.466395,0.95
2022-09-04/04:21:22,51.6304,51.5993,pina,10.3488,0.350921,0.95
2022-09-04/04:21:23,51.6304,51.5993,pina,10.3488,0.263502,0.95
2022-09-04/04:21:24,51.5089,51.5159,pina,10.3975,0.0972001,0.839
2022-09-04/04:21:25,51.4543,51.4263,pina,10.6528,0.08082,0.839
2022-09-04/04:21:26,51.4543,51.4263,pina,10.6528,0.0999755,0.839
2022-09-04/04:21:27,51.3407,51.3301,pina,10.6116,0.0886729,0.839
2022-09-04/04:21:28,51.2906,51.2268,pina,10.8397,0.125788,0.857
2022-09-04/04:21:29,51.1823,51.2268,pina,10.7084,0.155429,0.857
2022-09-04/04:21:30,51.1358,51.116,pina,10.909,0.138775,0.857
2022-09-04/04:21:31,51.0906,51.116,pina,11.103,0.138775,0.857
2022-09-04/04:21:32,51.0465,50.9973,pina,11.2903,0.24294,0.95
2022-09-04/04:21:33,50.944,50.9973,pina,11.0268,0.68878,1.043
2022-09-04/04:21:34,50.9023,50.87,pina,11.1864,0.764623,1.043
2022-09-04/04:21:35,50.8614,50.87,pina,11.3393,0.81096,1.043
2022-09-04/04:21:36,50.7199,50.7336,pina,11.0897,0.684761,1.043
2022-09-04/04:21:37,50.643,50.7336,pina,11.3192,0.593384,1.043
2022-09-04/04:21:38,50.6054,50.5874,pina,11.4238,0.550643,0.97
2022-09-04/04:21:39,50.5683,50.5874,pina,11.5215,0.487166,0.95
2022-09-04/04:21:40,50.4955,50.4308,pina,11.6962,0.452477,0.95
2022-09-04/04:21:41,50.4597,50.4308,pina,11.7733,0.527783,0.97
2022-09-04/04:21:42,50.389,50.4308,pina,11.9067,0.419171,0.95
2022-09-04/04:21:43,50.3167,50.2628,pina,12.0124,0.354185,0.95
2022-09-04/04:21:44,50.2006,50.2628,pina,11.3167,0.310637,0.95
2022-09-04/04:21:45,50.1634,50.0828,pina,11.3381,0.310637,0.95
2022-09-04/04:21:46,50.0889,50.0828,pina,11.3603,0.282687,0.95
2022-09-04/04:21:47,50.0516,50.0828,pina,11.361,0.261242,0.95
2022-09-04/04:21:48,49.9585,49.8898,pina,12.1237,0.273657,0.95
2022-09-04/04:21:49,49.8856,49.8898,pina,12.0625,0.23221,0.93
2022-09-04/04:21:50,49.8114,49.8898,pina,11.9734,0.201054,0.93
2022-09-04/04:21:51,49.7738,49.6827,pina,11.9185,0.145857,0.857
2022-09-04/04:21:52,49.6971,49.6816,pina,11.7879,-1,-1
2022-09-04/04:21:53,49.658,49.6816,pina,11.7122,-1,-1
2022-09-04/04:21:54,49.5779,49.6816,pina,11.5402,0.0449166,0.756
2022-09-04/04:21:55,49.5369,49.4485,pina,11.4439,0.0793498,0.839
2022-09-04/04:21:56,49.4094,49.4485,pina,11.783,0.152599,0.857
2022-09-04/04:21:57,49.3666,49.4485,pina,11.6518,0.142074,0.857
2022-09-04/04:21:58,49.3237,49.1982,pina,11.5138,0.0600808,0.839
2022-09-04/04:21:59,49.2798,49.1982,pina,11.3691,-1,-1
2022-09-04/04:22:00,49.146,49.1982,pina,11.5064,0.119328,0.857
2022-09-04/04:22:01,49.146,49.1982,pina,11.5064,0.119328,0.857
2022-09-04/04:22:02,49.0983,48.9294,pina,11.327,0.143765,0.857
2022-09-04/04:22:03,48.9545,48.9294,pina,11.3184,0.165032,0.857
2022-09-04/04:22:04,48.9545,48.9294,pina,11.3184,0.165032,0.857
2022-09-04/04:22:05,48.8004,48.9294,pina,11.1917,0.134079,0.857
2022-09-04/04:22:06,48.8004,48.8708,pina,11.1917,0.134079,0.857
2022-09-04/04:22:07,48.7429,48.6407,pina,10.9506,0.0985082,0.839
2022-09-04/04:22:08,48.633,48.6407,pina,10.9472,0.118277,0.857
2022-09-04/04:22:09,48.633,48.5668,pina,10.9472,0.118277,0.857
2022-09-04/04:22:10,48.5158,48.5668,pina,10.8742,0.0418445,0.756
2022-09-04/04:22:11,48.5158,48.5668,pina,10.8742,0.141197,0.857
2022-09-04/04:22:12,48.39,48.3305,pina,10.7319,0.131145,0.857
2022-09-04/04:22:13,48.39,48.2399,pina,10.7319,0.131145,0.857
2022-09-04/04:22:14,48.2539,48.2399,pina,10.5205,0.161494,0.857
2022-09-04/04:22:15,48.2539,48.2399,pina,10.5205,0.161494,0.857
2022-09-04/04:22:16,48.1054,48.2399,pina,10.2401,0.181205,0.93
2022-09-04/04:22:17,48.1054,48.1243,pina,10.2401,0.186247,0.93
2022-09-04/04:22:18,48.0311,47.8886,pina,10.2541,0.193487,0.93
2022-09-04/04:22:19,47.9521,47.8886,pina,10.2333,0.163943,0.857
2022-09-04/04:22:20,47.8594,47.8886,pina,9.85687,0.123709,0.857
2022-09-04/04:22:21,47.7709,47.8886,pina,9.78767,0.13555,0.857
2022-09-04/04:22:22,47.7709,47.7532,pina,9.78767,0.13555,0.857
2022-09-04/04:22:23,47.676,47.7532,pina,9.68379,0.0957514,0.839
2022-09-04/04:22:24,47.5741,47.7532,pina,9.54533,0.113938,0.857
2022-09-04/04:22:25,47.5741,47.511,pina,9.54533,0.113938,0.857
2022-09-04/04:22:26,47.4645,47.511,pina,9.37238,0.103682,0.839
2022-09-04/04:22:27,47.4645,47.3541,pina,9.37238,0.103682,0.839
2022-09-04/04:22:28,47.3461,47.3541,pina,9.16506,0.115734,0.857
2022-09-04/04:22:29,47.3461,47.3541,pina,9.16506,0.0860318,0.839
2022-09-04/04:22:30,47.218,47.3541,pina,9.11649,0.119842,0.857
2022-09-04/04:22:31,47.218,47.1673,pina,9.11649,0.119842,0.857
2022-09-04/04:22:32,47.0789,47.1673,pina,8.81965,0.0860003,0.839
2022-09-04/04:22:33,47.0789,46.9253,pina,8.81965,0.0860003,0.839
2022-09-04/04:22:34,46.9275,46.9253,pina,8.489,0.0806949,0.839
2022-09-04/04:22:35,46.918,46.9253,pina,8.62556,0.045781,0.756
2022-09-04/04:22:36,46.918,46.9253,pina,8.62556,0.045781,0.756
2022-09-04/04:22:37,46.749,46.7131,pina,8.24017,-1,-1
2022-09-04/04:22:38,46.749,46.7131,pina,8.24017,-1,-1
2022-09-04/04:22:39,46.7327,46.7131,pina,8.34163,-1,-1
2022-09-04/04:22:40,46.5429,46.7131,pina,7.90193,-1,-1
2022-09-04/04:22:41,46.5429,46.4649,pina,7.90193,-1,-1
2022-09-04/04:22:42,46.5188,46.4649,pina,7.96837,-1,-1
2022-09-04/04:22:43,46.3042,46.4649,pina,7.47487,-1,-1
2022-09-04/04:22:44,46.271,46.2254,pina,7.50644,0.0995981,0.839
2022-09-04/04:22:45,46.271,46.2254,pina,7.50644,0.0995981,0.839
2022-09-04/04:22:46,46.2342,46.2254,pina,7.52403,0.0867635,0.839
2022-09-04/04:22:47,46.2342,46.2254,pina,7.52403,0.133913,0.857
2022-09-04/04:22:48,45.9826,45.9499,pina,6.95662,-1,-1
2022-09-04/04:22:49,45.9826,45.9499,pina,6.95662,-1,-1
2022-09-04/04:22:50,45.9343,45.9499,pina,6.9396,-1,-1
2022-09-04/04:22:51,45.8816,45.9499,pina,6.90866,-1,-1
2022-09-04/04:22:52,45.8244,45.7024,pina,6.86382,-1,-1
2022-09-04/04:22:53,45.7625,45.7024,pina,6.80508,-1,-1
2022-09-04/04:22:54,45.6956,45.636,pina,6.73245,-1,-1
2022-09-04/04:22:55,45.5154,45.636,pina,6.20325,-1,-1
2022-09-04/04:22:56,45.5154,45.636,pina,6.20325,-1,-1
2022-09-04/04:22:57,45.4426,45.3951,gill,NaN,0.0539667,0.823
2022-09-04/04:22:58,45.3641,45.3951,gill,NaN,0.0539667,0.823
2022-09-04/04:22:59,45.3641,45.3951,gill,NaN,0.177225,0.93
2022-09-04/04:23:00,45.2797,45.2811,gill,NaN,0.095419,0.839
2022-09-04/04:23:01,45.189,45.2811,gill,NaN,0.095419,0.839
2022-09-04/04:23:02,45.189,45.1426,gill,NaN,-1,-1
2022-09-04/04:23:03,45.0917,45.047,gill,NaN,-1,-1
2022-09-04/04:23:04,44.9873,45.047,gill,NaN,-1,-1
2022-09-04/04:23:05,44.9873,45.047,gill,NaN,-1,-1
2022-09-04/04:23:06,44.8754,45.047,gill,NaN,-1,-1
2022-09-04/04:23:07,44.8754,45.047,gill,NaN,-1,-1
2022-09-04/04:23:08,44.7556,45.047,gill,NaN,-1,-1
2022-09-04/04:23:09,44.7556,45.047,gill,NaN,-1,-1
2022-09-04/04:23:10,44.6273,45.047,gill,NaN,-1,-1
2022-09-04/04:23:11,44.6273,45.047,gill,NaN,-1,-1
2022-09-04/04:23:12,44.49,45.047,gill,NaN,-1,-1
2022-09-04/04:23:13,44.49,45.047,gill,NaN,-1,-1
2022-09-04/04:23:14,44.3429,45.047,gill,NaN,-1,-1
2022-09-04/04:23:15,44.3429,45.047,gill,NaN,-1,-1
2022-09-04/04:23:16,44.1855,45.047,gill,NaN,-1,-1
2022-09-04/04:23:17,44.1855,45.047,gill,NaN,-1,-1
2022-09-04/04:23:18,44.1855,45.047,gill,NaN,-1,-1
2022-09-04/04:23:19,44.017,45.047,gill,NaN,-1,-1
2022-09-04/04:23:20,44.017,45.047,gill,NaN,-1,-1
2022-09-04/04:23:21,43.8365,45.047,gill,NaN,-1,-1
2022-09-04/04:23:22,43.8365,45.047,gill,NaN,-1,-1
2022-09-04/04:23:23,43.8365,45.047,gill,NaN,-1,-1
2022-09-04/04:23:24,43.6598,45.047,gill,NaN,-1,-1
2022-09-04/04:23:25,43.6598,45.047,gill,NaN,-1,-1
2022-09-04/04:23:26,43.6598,45.047,gill,NaN,-1,-1
2022-09-04/04:23:27,43.443,45.047,gill,NaN,-1,-1
2022-09-04/04:23:28,43.443,45.047,gill,NaN,-1,-1
2022-09-04/04:23:29,43.443,45.047,gill,NaN,-1,-1
2022-09-04/04:23:30,43.2105,45.047,gill,NaN,-1,-1
2022-09-04/04:23:31,43.2105,45.047,gill,NaN,-1,-1
2022-09-04/04:23:32,43.2105,45.047,gill,NaN,-1,-1
2022-09-04/04:23:33,43.2105,45.047,gill,NaN,-1,-1
2022-09-04/04:23:34,42.9613,45.047,gill,NaN,-1,-1
2022-09-04/04:23:35,42.9613,45.047,gill,NaN,-1,-1
2022-09-04/04:23:36,42.9253,45.047,gill,NaN,-1,-1
2022-09-04/04:23:37,42.9253,45.047,gill,NaN,-1,-1
2022-09-04/04:23:38,42.9253,45.047,gill,NaN,0.255557,0.95
2022-09-04/04:23:39,42.6445,45.047,gill,NaN,0.255557,0.95
2022-09-04/04:23:40,42.6445,45.047,gill,NaN,0.255557,0.95
2022-09-04/04:23:41,42.6445,45.047,gill,NaN,0.121833,0.857
2022-09-04/04:23:42,42.6445,45.047,gill,NaN,0.121833,0.857
2022-09-04/04:23:43,42.3431,44.8571,gill,NaN,-1,-1
2022-09-04/04:23:44,42.3431,44.8571,gill,NaN,-1,-1
2022-09-04/04:23:45,42.3431,44.8571,gill,NaN,-1,-1
2022-09-04/04:23:46,42.2556,44.8571,gill,NaN,-1,-1
2022-09-04/04:23:47,42.2556,44.8571,gill,NaN,-1,-1
2022-09-04/04:23:48,42.2556,44.8571,gill,NaN,-1,-1
2022-09-04/04:23:49,42.0195,44.8571,gill,NaN,-1,-1
2022-09-04/04:23:50,41.9146,44.8571,gill,NaN,-1,-1
2022-09-04/04:23:51,41.9146,44.8571,gill,NaN,-1,-1
2022-09-04/04:23:52,41.9146,44.8571,gill,NaN,-1,-1
2022-09-04/04:23:53,41.9146,44.8571,gill,NaN,-1,-1
2022-09-04/04:23:54,41.7842,44.8571,gill,NaN,-1,-1
2022-09-04/04:23:55,41.7842,44.8571,gill,NaN,-1,-1
2022-09-04/04:23:56,41.5484,44.8571,gill,NaN,-1,-1
2022-09-04/04:23:57,41.5484,44.8571,gill,NaN,-1,-1
2022-09-04/04:23:58,41.5484,44.8571,gill,NaN,-1,-1
2022-09-04/04:23:59,41.3973,44.8571,gill,NaN,-1,-1
2022-09-04/04:24:00,41.3973,44.8571,gill,NaN,-1,-1
