time,lat,lon,alt,mlat
2022-09-04 04:17:00,68.74349075996552,-84.30984353398206,109.92645055200744,76.65551443309491
2022-09-04 04:17:01,68.67857033687504,-84.34023951097237,109.78224321821052,76.59708495281515
2022-09-04 04:17:02,68.61340944704384,-84.37025136931183,109.92337467669203,76.53863431633668
2022-09-04 04:17:03,68.54846781975716,-84.40032915593228,109.7995991669587,76.48016560589268
2022-09-04 04:17:04,68.48328824414693,-84.43002681425034,109.95491733550473,76.42167537504176
2022-09-04 04:17:05,68.41832498413721,-84.45979162532339,109.85004615842445,76.36316648476819
2022-09-04 04:17:06,68.35335175978388,-84.48940530063952,109.75566454380487,76.30463894294522
2022-09-04 04:17:07,68.28814637506946,-84.5186490898388,109.93203292362534,76.24609192006622
2022-09-04 04:17:08,68.22315414095333,-84.54795643094782,109.85511814815959,76.18752634362892
2022-09-04 04:17:09,68.15815146596216,-84.57711067296243,109.78827248485675,76.12894170014523
2022-09-04 04:17:10,68.09292073050364,-84.60592013177066,109.98280464610671,76.07033741176394
2022-09-04 04:17:11,68.02789974067014,-84.6347837080963,109.93188239619248,76.01171517145296
2022-09-04 04:17:12,67.96351476325977,-84.66407858144572,109.14755561432025,75.95307395469848
2022-09-04 04:17:13,67.89782715904062,-84.6920701082182,109.85602118970982,75.89441236093012
2022-09-04 04:17:14,67.83277943729053,-84.72049866012105,109.83111038687613,75.83573569499362
2022-09-04 04:17:15,67.76771991325268,-84.74878773093579,109.81405352768289,75.77703793744446
2022-09-04 04:17:16,67.70265377612213,-84.77693636888081,109.8050483913985,75.71832407171563
2022-09-04 04:17:17,67.63757511854786,-84.80494675869434,109.80308445152161,75.65958803911936
2022-09-04 04:17:18,67.57249130400419,-84.8328170817753,109.80942311016594,75.60083766806412
2022-09-04 04:17:19,67.50739792736496,-84.86055547226066,109.82216270168011,75.54206763367625
2022-09-04 04:17:20,67.44229655030826,-84.88815569868,109.84258398513593,75.4832804136634
2022-09-04 04:17:21,67.37718521088374,-84.9156283841135,109.86902672610915,75.42447313683932
2022-09-04 04:17:22,67.31206716156281,-84.942968171273,109.90266547908332,75.36564975632695
2022-09-04 04:17:23,67.24693948081114,-84.97017307248939,109.94230657417525,75.3068066657894
2022-09-04 04:17:24,67.18180580860879,-84.99725442479225,109.98832277841183,75.24794781289403
2022-09-04 04:17:25,67.11686364293523,-85.02436588468275,109.82151264426925,75.18906886095355
2022-09-04 04:17:26,67.05251633837489,-85.05182203370757,109.015599980644,75.13017524517252
2022-09-04 04:17:27,66.98655534167966,-85.07788295602849,109.94721912053159,75.07126261629527
2022-09-04 04:17:28,66.92158860111839,-85.10461243641548,109.80564627982623,75.01233309435216
2022-09-04 04:17:29,66.85641273169377,-85.13105830673793,109.88348384271852,74.95338378007868
2022-09-04 04:17:30,66.79123148752109,-85.15738645850598,109.96659408399489,74.89441901090322
2022-09-04 04:17:31,66.72624071849758,-85.18373807742947,109.8483791204575,74.83543886692404
2022-09-04 04:17:32,66.66104284624002,-85.20982727086285,109.94297885821008,74.77643807327496
2022-09-04 04:17:33,66.59603330751149,-85.23593517571149,109.83923068165703,74.71742112150073
2022-09-04 04:17:34,66.53082219760721,-85.2617812901768,109.94521036442401,74.65838761731816
2022-09-04 04:17:35,66.46579439564441,-85.28765345101836,109.85555633083715,74.5993345484536
2022-09-04 04:17:36,66.40057234957028,-85.31326850781552,109.97172341122017,74.54026996386708
2022-09-04 04:17:37,66.33552998197374,-85.33890639649658,109.89599927079385,74.48118444862541
2022-09-04 04:17:38,66.270481174369,-85.36442568891911,109.8273404848039,74.42208332285138
2022-09-04 04:17:39,66.20523376563749,-85.3896980144054,109.95852329206417,74.36296405738463
2022-09-04 04:17:40,66.14016991292273,-85.41498908868368,109.90200225256537,74.30382913259876
2022-09-04 04:17:41,66.07509589025501,-85.44016942137856,109.85270636263323,74.24467577473426
2022-09-04 04:17:42,66.00983127599139,-85.46510981971218,109.99782932714355,74.1855092973136
2022-09-04 04:17:43,65.9447448189821,-85.49007082216768,109.95995404312119,74.12632459848552
2022-09-04 04:17:44,65.87964964271418,-85.51491496718963,109.92830143730625,74.06712206714278
2022-09-04 04:17:45,65.81454882619902,-85.53965676893816,109.90291065232975,74.00790489752461
2022-09-04 04:17:46,65.74944094642153,-85.56428932101306,109.88372152838114,73.94867171729155
2022-09-04 04:17:47,65.68432673547264,-85.58881298437056,109.87012133350348,73.88942272480361
2022-09-04 04:17:48,65.61920317218379,-85.6132324813186,109.86218527529805,73.8301553938266
2022-09-04 04:17:49,65.55407210092073,-85.63754270060373,109.85962938143088,73.77087115562313
2022-09-04 04:17:50,65.48893655612821,-85.66175010388336,109.86291505691788,73.71157342819187
2022-09-04 04:17:51,65.42379283933913,-85.6858586462056,109.87136058889071,73.65225832686203
2022-09-04 04:17:52,65.35936032346083,-85.71031507611123,109.19369069860441,73.59292727842694
2022-09-04 04:17:53,65.29348429184225,-85.7337653856371,109.90293446151432,73.5335784896125
2022-09-04 04:17:54,65.22832225167049,-85.75756549885858,109.92642020652794,73.47421686663844
2022-09-04 04:17:55,65.16314943299328,-85.78126806002349,109.95432923106296,73.41483513609766
2022-09-04 04:17:56,65.09797564196373,-85.80487275780723,109.98746142223347,73.35544315627888
2022-09-04 04:17:57,65.03296749953167,-85.82848185397549,109.85843683684774,73.29603087068612
2022-09-04 04:17:58,64.9677819446397,-85.85189274601521,109.90160668019568,73.23660859212245
2022-09-04 04:17:59,64.90258531205164,-85.87520429059153,109.94873419444738,73.17716578611937
2022-09-04 04:18:00,64.83755776547807,-85.8985214368657,109.83810625378622,73.11770841428478
2022-09-04 04:18:01,64.77234813660674,-85.92164209930606,109.89461638295215,73.05823410300195
2022-09-04 04:18:02,64.7071334779401,-85.94466775429319,109.95512755288557,72.99874517117314
2022-09-04 04:18:03,64.64208715213093,-85.96770021857581,109.86125092914207,72.9392426118771
2022-09-04 04:18:04,64.57772022682792,-85.99103507993108,109.14578502655077,72.87972493455311
2022-09-04 04:18:05,64.51180044124636,-86.01339126217012,109.84780718211937,72.82018962626991
2022-09-04 04:18:06,64.44656163838754,-86.03604799218843,109.92511942402035,72.76063896271239
2022-09-04 04:18:07,64.38148950329507,-86.05871073958966,109.85323169404232,72.70107610050498
2022-09-04 04:18:08,64.31623801025745,-86.08119106097521,109.93876043742672,72.64149443527903
2022-09-04 04:18:09,64.25115207833201,-86.10367321891418,109.8763962656179,72.58189969804681
2022-09-04 04:18:10,64.18589172875711,-86.12597387840026,109.96944799654715,72.52229012102832
2022-09-04 04:18:11,64.12079245265376,-86.14828149369559,109.91654166478331,72.46266428674875
2022-09-04 04:18:12,64.05568596628335,-86.1704953217097,109.86939516539668,72.40302321124769
2022-09-04 04:18:13,63.99040722642216,-86.19253998624681,109.97310645627785,72.34336687906655
2022-09-04 04:18:14,63.925291746292956,-86.21458044885472,109.9348588478301,72.2836986671559
2022-09-04 04:18:15,63.860167138572486,-86.23653909023854,109.9009506766875,72.22401238226678
2022-09-04 04:18:16,63.79520349192102,-86.25849837002606,109.72881105713442,72.16431376157371
2022-09-04 04:18:17,63.72973905026138,-86.28011672721526,109.98989965628877,72.10459913683881
2022-09-04 04:18:18,63.66459938839359,-86.30182453535603,109.96932643572599,72.04487139352266
2022-09-04 04:18:19,63.59945231713987,-86.32344775150457,109.95254532132338,71.98512687124861
2022-09-04 04:18:20,63.53429814711027,-86.34498824098957,109.94067919356037,71.92536718134937
2022-09-04 04:18:21,63.46914155760689,-86.36644503857738,109.93286159794008,71.86559577031922
2022-09-04 04:18:22,63.403977126149286,-86.38782497614193,109.92899322835679,71.80580770220169
2022-09-04 04:18:23,63.338808152292486,-86.40912315347623,109.9291424275494,71.74600611306086
2022-09-04 04:18:24,63.273631998548666,-86.43034135685075,109.93383343835227,71.68618925831564
2022-09-04 04:18:25,63.208450661719986,-86.4514763779907,109.9419894920818,71.62635783307584
2022-09-04 04:18:26,63.14326606180822,-86.47253889776711,109.95380156135707,71.56651402991953
2022-09-04 04:18:27,63.078553898245886,-86.49374637403493,109.57280961489613,71.50665659713408
2022-09-04 04:18:28,63.012877598935034,-86.51442619908688,109.98874710897249,71.44678102138242
2022-09-04 04:18:29,62.94783422019489,-86.53532953525057,109.88109835565781,71.3868937166476
2022-09-04 04:18:30,62.88262773520933,-86.55607987822613,109.9086293258023,71.32699343205917
2022-09-04 04:18:31,62.81741668725631,-86.5767586542474,109.93948832793487,71.26707961842877
2022-09-04 04:18:32,62.75219723623711,-86.59736204601293,109.97346824199118,71.20714852511688
2022-09-04 04:18:33,62.68712986530333,-86.61795925376441,109.88333286442376,71.1472035166333
2022-09-04 04:18:34,62.621901735857016,-86.6384119321453,109.92480458331741,71.0872464452551
2022-09-04 04:18:35,62.556669394609926,-86.65879491861514,109.96884699212335,71.02727562734488
2022-09-04 04:18:36,62.49158336604813,-86.67916739638231,109.89148301612077,70.96728712595849
2022-09-04 04:18:37,62.42634234946979,-86.69940816847149,109.9425423062294,70.90729036546239
2022-09-04 04:18:38,62.361248038587426,-86.71963329025525,109.87405666623631,70.84727740463282
2022-09-04 04:18:39,62.29599601406397,-86.73973147050073,109.93116167463596,70.78725172843961
2022-09-04 04:18:40,62.230735462667305,-86.75975198539017,109.99121934887772,70.7272090482187
2022-09-04 04:18:41,62.16562919223321,-86.77977216999076,109.9341670006149,70.66715872196207
2022-09-04 04:18:42,62.10051148527344,-86.79971658589548,109.88087297820223,70.60708869458183
2022-09-04 04:18:43,62.03524092885912,-86.81953213915978,109.95060166955673,70.54700999632962
2022-09-04 04:18:44,61.97011476959087,-86.83934257768763,109.90439167321428,70.48691438756119
2022-09-04 04:18:45,61.904832013476955,-86.85901799440877,109.97982156131738,70.42680621178579
2022-09-04 04:18:46,61.839695445413994,-86.87869020590881,109.9409643467932,70.36668381545277
2022-09-04 04:18:47,61.774556237328284,-86.89829331183935,109.9060534906207,70.30655057239449
2022-09-04 04:18:48,61.71001147078762,-86.91806940612156,109.41637537021835,70.24640316675331
2022-09-04 04:18:49,61.644110970738545,-86.93724215171339,109.9615061017457,70.1862429482757
2022-09-04 04:18:50,61.57895652015742,-86.95664963759977,109.93656749386173,70.12606928323069
2022-09-04 04:18:51,61.513793419522415,-86.97598636855855,109.9153223833672,70.06587921490612
2022-09-04 04:18:52,61.44863040539098,-86.99526351161404,109.89786963743882,70.00568115473592
2022-09-04 04:18:53,61.38331288972365,-87.01441399638269,109.99430162344696,69.94546812357027
2022-09-04 04:18:54,61.318136519002564,-87.03355870651579,109.98246752622687,69.88523975524168
2022-09-04 04:18:55,61.25295627871065,-87.0526410793917,109.9741064714202,69.8249995475432
2022-09-04 04:18:56,61.18777344479114,-87.07165854999886,109.96862362421172,69.7647479921458
2022-09-04 04:18:57,61.12258302178048,-87.09061512668407,109.96634899253598,69.70448098946247
2022-09-04 04:18:58,61.058268755565955,-87.10982433900232,109.32253018667303,69.64420349363503
2022-09-04 04:18:59,60.992191234007336,-87.12833843811677,109.97107659798907,69.5839114192188
2022-09-04 04:19:00,60.92698815438463,-87.14710613618007,109.97766245554132,69.52360689572444
2022-09-04 04:19:01,60.86178477848462,-87.16581857399278,109.98748056660173,69.4632940886961
2022-09-04 04:19:02,60.79657175113558,-87.18446782469309,109.99992926920542,69.40296355100762
2022-09-04 04:19:03,60.73149841183251,-87.2031063843344,109.9108880096965,69.3426197229073
2022-09-04 04:19:04,60.66628035695615,-87.2216329842606,109.92961369418526,69.28226802822368
2022-09-04 04:19:05,60.60105359866087,-87.24009987852048,109.95071583801268,69.22189941069887
2022-09-04 04:19:06,60.535824472648926,-87.25850915368866,109.97448786486956,69.16152022670539
2022-09-04 04:19:07,60.470732577653116,-87.27691002348796,109.89917908320032,69.10112687561593
2022-09-04 04:19:08,60.40606810373801,-87.29539669950749,109.52515450667543,69.04072481144195
2022-09-04 04:19:09,60.34025187152584,-87.31344015543856,109.96076061880183,68.98030637892346
2022-09-04 04:19:10,60.275008595938985,-87.33161868529668,109.99519887492326,68.91988081190325
2022-09-04 04:19:11,60.20989918530935,-87.34978402658474,109.93253057125708,68.85943878974561
2022-09-04 04:19:12,60.144641113458185,-87.36784790918513,109.97180924100311,68.79898240284906
2022-09-04 04:19:13,60.07952443512778,-87.3859046785816,109.91570300860278,68.73851805727976
2022-09-04 04:19:14,60.01426220157407,-87.40385928419997,109.96046372964108,68.67804194634371
2022-09-04 04:19:15,59.94913343655214,-87.42180256520818,109.9102086071763,68.61755012447367
2022-09-04 04:19:16,59.88386252669818,-87.43964254430253,109.95931000513389,68.557048805859
2022-09-04 04:19:17,59.81872500156691,-87.45747852759158,109.9152704007653,68.49653346018744
2022-09-04 04:19:18,59.7534441603532,-87.47521291236103,109.96904452385063,68.43600658016331
2022-09-04 04:19:19,59.68830236764374,-87.49293542147169,109.93062776685333,68.37547135228857
2022-09-04 04:19:20,59.62301594889613,-87.51056292612782,109.98895052971149,68.31492307748758
2022-09-04 04:19:21,59.55786311308801,-87.52817688212872,109.9560653847373,68.25436188611346
2022-09-04 04:19:22,59.49270434441464,-87.54574540384526,109.92552064888388,68.19378666712724
2022-09-04 04:19:23,59.427404487991815,-87.56320803919188,109.99054674944894,68.13320168836859
2022-09-04 04:19:24,59.36223910056814,-87.58067192884216,109.9652901670267,68.07260476717417
2022-09-04 04:19:25,59.29707106244909,-87.59807623898878,109.94323111526356,68.01199821696216
2022-09-04 04:19:26,59.231894679985196,-87.61543260001727,109.92349389411785,67.95137565260352
2022-09-04 04:19:27,59.16712824020254,-87.63285058115694,109.63633432917054,67.89074429481315
2022-09-04 04:19:28,59.10139949062193,-87.64994267735953,109.98224405540215,67.83010318158797
2022-09-04 04:19:29,59.03621364167525,-87.66714340292025,109.96997650625528,67.76944864793057
2022-09-04 04:19:30,58.971023535374826,-87.68429525469502,109.96035855862858,67.70878267264115
2022-09-04 04:19:31,58.90582893501079,-87.70139421718285,109.95335820086386,67.64810504326944
2022-09-04 04:19:32,58.84063212275328,-87.71844898656337,109.94874239802871,67.58741767961584
2022-09-04 04:19:33,58.775427897354945,-87.73544959884129,109.94645506237352,67.52671566578576
2022-09-04 04:19:34,58.710222051468755,-87.75239998808311,109.94640364932322,67.46600436625046
2022-09-04 04:19:35,58.645012507427445,-87.76930565393988,109.94915457199897,67.40528278235766
2022-09-04 04:19:36,58.580471572783345,-87.78634233988686,109.52526700725645,67.34454773596237
2022-09-04 04:19:37,58.51457988797233,-87.80296715235623,109.9604591703324,67.28380286844472
2022-09-04 04:19:38,58.44935838411449,-87.81972841252413,109.96966772817771,67.22304714780765
2022-09-04 04:19:39,58.38413320831582,-87.83644116558234,109.98062202898937,67.16227987898858
2022-09-04 04:19:40,58.31890387491459,-87.85310654910813,109.99419540339471,67.10150199154472
2022-09-04 04:19:41,58.25380598364883,-87.86975850064799,109.92644036165585,67.04071454765663
2022-09-04 04:19:42,58.18856959858816,-87.88633056628015,109.94414448392209,66.97991471959175
2022-09-04 04:19:43,58.12332908186808,-87.90285585568941,109.9638993580537,66.91910366938535
2022-09-04 04:19:44,58.05808595141678,-87.91933509308475,109.98641424611405,66.8582839711834
2022-09-04 04:19:45,57.99349874577699,-87.9359351667428,109.6023977978177,66.797449151741
2022-09-04 04:19:46,57.92771739153351,-87.95219326085011,109.95427482439723,66.73660595468158
2022-09-04 04:19:47,57.86246233471495,-87.96853627759701,109.98252832838477,66.675752626393
2022-09-04 04:19:48,57.79733656216101,-87.98486587499453,109.93233396452666,66.61488946458003
2022-09-04 04:19:49,57.73207551751227,-88.0011243030242,109.96447570978223,66.55401588718843
2022-09-04 04:19:50,57.66680689254027,-88.01733199421405,109.99824361583715,66.49312769724554
2022-09-04 04:19:51,57.60166770110415,-88.03352820622618,109.95466237342704,66.43223040287822
2022-09-04 04:19:52,57.53639627461317,-88.04965314855541,109.99268996584615,66.37132595909605
2022-09-04 04:19:53,57.47125084219059,-88.06576467966914,109.95394648118705,66.31040935494863
2022-09-04 04:19:54,57.406231379563984,-88.08186032587166,109.8400239696215,66.249481817969
2022-09-04 04:19:55,57.340817815630835,-88.09782537131026,109.9608484118358,66.18854431531342
2022-09-04 04:19:56,57.275660460871556,-88.11380548743823,109.92880093333733,66.12759579903285
2022-09-04 04:19:57,57.210369758382,-88.12971305361926,109.97584374602464,66.06663768602819
2022-09-04 04:19:58,57.14520554737646,-88.14561143175521,109.94827957097712,66.0056694913462
2022-09-04 04:19:59,57.0799093208764,-88.16143575639543,109.99840371560977,65.9446917120838
2022-09-04 04:20:00,57.01473872158978,-88.17724711796411,109.97512447485417,65.8837042387515
2022-09-04 04:20:01,56.949563736944604,-88.19302223781077,109.95355872636219,65.82270523636157
2022-09-04 04:20:02,56.885414197647506,-88.20897449076473,109.33906716590229,65.76169701095733
2022-09-04 04:20:03,56.8190733293912,-88.22441100356849,109.99111255453042,65.7006763192913
2022-09-04 04:20:04,56.753886536985,-88.24005749609886,109.97573333700565,65.63964648245017
2022-09-04 04:20:05,56.68869769474507,-88.25566696334725,109.96259744524936,65.57860845531715
2022-09-04 04:20:06,56.62350562314982,-88.27123332093348,109.95132114375227,65.51756056014747
2022-09-04 04:20:07,56.55831041627649,-88.28676095268081,109.94186044665052,65.45650289514239
2022-09-04 04:20:08,56.493110882931674,-88.30224860647242,109.93472949840869,65.39543526595989
2022-09-04 04:20:09,56.42790704232305,-88.31769619262401,109.92944360665467,65.33435696077656
2022-09-04 04:20:10,56.36257399477391,-88.33308159784464,109.99721556998863,65.27326958867128
2022-09-04 04:20:11,56.29761783945838,-88.34850369063962,109.85323304283096,65.21217283643688
2022-09-04 04:20:12,56.23215122187084,-88.36378082008308,109.99518632435425,65.15106596940092
2022-09-04 04:20:13,56.166933597049976,-88.37907472800528,109.99673016161759,65.089948396732
2022-09-04 04:20:14,56.10184119874675,-88.3943546896695,109.93009183146827,65.02882366394695
2022-09-04 04:20:15,56.036617777859675,-88.40957074537216,109.93547507094632,64.96768800441478
2022-09-04 04:20:16,55.97139056115881,-88.42475073481776,109.94286540770113,64.90654292907527
2022-09-04 04:20:17,55.90616314576867,-88.43989019446362,109.9519049361648,64.84539126595192
2022-09-04 04:20:18,55.840929936472044,-88.45499407304125,109.96261599373014,64.7842278808404
2022-09-04 04:20:19,55.77631841297761,-88.4701824014417,109.63343991763566,64.72305422282015
2022-09-04 04:20:20,55.71045053732445,-88.48509318419264,109.98852814384533,64.66186943470098
2022-09-04 04:20:21,55.64533446062418,-88.50010815953334,109.93648078833579,64.60068014999632
2022-09-04 04:20:22,55.58008927656675,-88.51506437219464,109.95376515499792,64.53948046653109
2022-09-04 04:20:23,55.5148407109645,-88.5299840336459,109.97279527210445,64.47827179831663
2022-09-04 04:20:24,55.44958594305318,-88.54486919174312,109.99289370437982,64.41705037697574
2022-09-04 04:20:25,55.3844582118234,-88.55973853730134,109.94870991487112,64.35582658940123
2022-09-04 04:20:26,55.319198205649165,-88.57455519183429,109.97231965592314,64.2945886119846
2022-09-04 04:20:27,55.25479982807268,-88.58948822285754,109.53760624235169,64.23334056421031
2022-09-04 04:20:28,55.18879409293751,-88.60409505452681,109.95836296390533,64.17208709918727
2022-09-04 04:20:29,55.12352651576779,-88.61880432160505,109.98637289672979,64.11082373051204
2022-09-04 04:20:30,55.058379067312174,-88.63349855847437,109.95163400079872,64.04955262300312
2022-09-04 04:20:31,54.99310542391473,-88.64813762867188,109.98292372245393,63.988272202420276
2022-09-04 04:20:32,54.92795136939152,-88.66276107755267,109.95113178814437,63.92698229239367
2022-09-04 04:20:33,54.86267135172889,-88.67733052126937,109.98515578037596,63.86568381571111
2022-09-04 04:20:34,54.79751061313657,-88.69188865101036,109.95710471123236,63.80437673753069
2022-09-04 04:20:35,54.73307945676512,-88.70653470654105,109.55153733804875,63.74306003473893
2022-09-04 04:20:36,54.66705604380172,-88.72087877553311,109.96892587991208,63.6817346484431
2022-09-04 04:20:37,54.60188621595227,-88.73533198735954,109.94585002816963,63.62040187145654
2022-09-04 04:20:38,54.53659201863313,-88.74973531155814,109.98732968483415,63.55906200739226
2022-09-04 04:20:39,54.4714167030605,-88.76412502176977,109.96758021014503,63.49771312586208
2022-09-04 04:20:40,54.40623643910857,-88.77848125084778,109.94933396126731,63.43635373214754
2022-09-04 04:20:41,54.340932825496814,-88.79278276867132,109.99463182057944,63.37498769414274
2022-09-04 04:20:42,54.27574750926688,-88.80707464175303,109.9794947637557,63.31361260598739
2022-09-04 04:20:43,54.21116427809712,-88.82142850672847,109.66220076270777,63.25223080700919
2022-09-04 04:20:44,54.14536809507983,-88.83555827076742,109.95470077349408,63.190839095363685
2022-09-04 04:20:45,54.08017478278754,-88.84975190619404,109.94445143329986,63.12944043500349
2022-09-04 04:20:46,54.01485579212417,-88.86389479855157,109.99602969660673,63.06803194006955
2022-09-04 04:20:47,53.94965767804356,-88.87802433727438,109.98904343583193,63.006618787690854
2022-09-04 04:20:48,53.88445221616916,-88.89212585892342,109.98309537268146,62.945192507413836
2022-09-04 04:20:49,53.81924493544978,-88.90619190997336,109.97901436499076,62.88375996370574
2022-09-04 04:20:50,53.75583500689063,-88.92050028163395,109.09272538500993,62.82232340568173
2022-09-04 04:20:51,53.689064085233774,-88.93426878277236,109.85766464004972,62.76087346412082
2022-09-04 04:20:52,53.62361013506741,-88.94820832464558,109.975131119015,62.699418010589476
2022-09-04 04:20:53,53.558390453850855,-88.96215121978425,109.97689017623428,62.637953112931896
2022-09-04 04:20:54,53.49317161306339,-88.97606490319586,109.98012852078473,62.57648403940428
2022-09-04 04:20:55,53.42794772157428,-88.98994983847788,109.98445636701638,62.515004541669114
2022-09-04 04:20:56,53.36272253512206,-89.00380243223947,109.99041383279467,62.453519286167364
2022-09-04 04:20:57,53.29749100668557,-89.0176246051903,109.99706698947983,62.39202174205436
2022-09-04 04:20:58,53.23356509379006,-89.03160661293025,109.38083300444238,62.330522648687825
2022-09-04 04:20:59,53.167141520906384,-89.04519988845995,109.95906834560117,62.26900968716975
2022-09-04 04:21:00,53.10190561079256,-89.05893412734889,109.97066938811716,62.20749472829439
2022-09-04 04:21:01,53.03666589842452,-89.07263666026702,109.98308175036833,62.145970350798166
2022-09-04 04:21:02,52.97142175364009,-89.08631374012444,109.9968113641655,62.084437008074865
2022-09-04 04:21:03,52.90629174504489,-89.09997968486118,109.95617957372748,62.02289529885779
2022-09-04 04:21:04,52.841044630963,-89.11359614279328,109.97259053056787,61.96134954091288
2022-09-04 04:21:05,52.77579286698081,-89.12718765588055,109.99026653196263,61.89979469405145
2022-09-04 04:21:06,52.711126762430936,-89.1408254069408,109.73505850565446,61.838234353439965
2022-09-04 04:21:07,52.64540130864617,-89.15429635642228,109.97478921346608,61.77666621016155
2022-09-04 04:21:08,52.580141141137965,-89.16780014284234,109.99626469287747,61.715089400383334
2022-09-04 04:21:09,52.51499662530217,-89.18129442702966,109.9644441914903,61.65350605029186
2022-09-04 04:21:10,52.449730721378714,-89.19474340286716,109.98810653186445,61.591913939613576
2022-09-04 04:21:11,52.38457912857549,-89.20817780226295,109.95946698259384,61.53031550295435
2022-09-04 04:21:12,52.31930837513687,-89.22157463040661,109.98560360733029,61.468709751801214
2022-09-04 04:21:13,52.25531719287977,-89.23510480366066,109.42762334580577,61.40709894387053
2022-09-04 04:21:14,52.18887815209902,-89.24829632214733,109.98815965323001,61.345479924396884
2022-09-04 04:21:15,52.12371729116282,-89.26161956507264,109.96510007463236,61.283855055073055
2022-09-04 04:21:16,52.058437511824934,-89.27490638920179,109.99583264809957,61.22222268262906
2022-09-04 04:21:17,51.99326875214941,-89.28817884697379,109.97526961714989,61.16058125369852
2022-09-04 04:21:18,51.92809785076737,-89.30142425678818,109.95631567021007,61.098933938251285
2022-09-04 04:21:19,51.86280988202924,-89.3146301467428,109.99026401666399,61.037280221897674
2022-09-04 04:21:20,51.79936709551628,-89.32803247392094,109.19912394619081,60.97562053131264
2022-09-04 04:21:21,51.73257473317281,-89.34100574804255,109.90719100016932,60.91395553171667
2022-09-04 04:21:22,51.6671636714464,-89.35411663562417,109.99600381720073,60.85228188273253
2022-09-04 04:21:23,51.601978813739514,-89.36723252184959,109.98322127312117,60.79059969460815
2022-09-04 04:21:24,51.53679596670231,-89.38031645916537,109.9719566046644,60.72891575549643
2022-09-04 04:21:25,51.47160562302657,-89.3933800216752,109.9617241180413,60.66722003681461
2022-09-04 04:21:26,51.406415325255956,-89.40641920138118,109.95268655522938,60.60552009507147
2022-09-04 04:21:27,51.34328406358836,-89.41966503649525,109.04255350105633,60.54381381424298
2022-09-04 04:21:28,51.276484711532184,-89.43246717353048,109.73916251403972,60.48210192195345
2022-09-04 04:21:29,51.21071435768471,-89.445362811789,109.98338431214549,60.42038243648487
2022-09-04 04:21:30,51.1455131415576,-89.45829820999406,109.97934965226345,60.358656563733625
2022-09-04 04:21:31,51.08030885014368,-89.4712085572006,109.97671426424711,60.29692426824448
2022-09-04 04:21:32,51.0151048132186,-89.48409681406831,109.97463410588898,60.235186882705094
2022-09-04 04:21:33,50.949894802631576,-89.49695889602988,109.97420610044881,60.173441013357575
2022-09-04 04:21:34,50.884685902141385,-89.50979392824011,109.97467788576401,60.11169176533302
2022-09-04 04:21:35,50.82026570369318,-89.52269196489469,109.63671666248091,60.04993273650485
2022-09-04 04:21:36,50.754254986676045,-89.53539263621552,109.97945360031979,59.98817025356503
2022-09-04 04:21:37,50.689034280811335,-89.54815607598955,109.98309703997212,59.926397870575755
2022-09-04 04:21:38,50.62381693838917,-89.56089688003584,109.98828356402484,59.864625872120335
2022-09-04 04:21:39,50.55859382263894,-89.5736137635919,109.99449336853942,59.80284451775944
2022-09-04 04:21:40,50.49347949037519,-89.5863147626765,109.95400251983843,59.741054957651144
2022-09-04 04:21:41,50.428253094657194,-89.59898173307091,109.96247968674301,59.6792630664808
2022-09-04 04:21:42,50.363923760752414,-89.61172240012995,109.59458448364387,59.617462397954114
2022-09-04 04:21:43,50.297791903690815,-89.62424810545521,109.98232926135888,59.55565978059734
2022-09-04 04:21:44,50.23255293116742,-89.63684447742354,109.99361325567601,59.49384435853314
2022-09-04 04:21:45,50.167428169788224,-89.6494355289828,109.95938130707158,59.43202713977684
2022-09-04 04:21:46,50.1021902499331,-89.66198148729303,109.97323349856809,59.37020653533058
2022-09-04 04:21:47,50.0369475764367,-89.67451116439909,109.9873517421041,59.30837617093359
2022-09-04 04:21:48,49.97181692384958,-89.68702906215127,109.95712625752739,59.246543896691556
2022-09-04 04:21:49,49.90746618951683,-89.69959807054026,109.60734323401132,59.18470501823656
2022-09-04 04:21:50,49.84132074980022,-89.71197425028892,109.99131968156352,59.122857378448394
2022-09-04 04:21:51,49.776182228345164,-89.72441832721364,109.96463007108035,59.06100760958263
2022-09-04 04:21:52,49.71092883935953,-89.73683600230723,109.98408412396682,58.99915042932808
2022-09-04 04:21:53,49.6457839100862,-89.7492383277874,109.95933859413073,58.9372870331367
2022-09-04 04:21:54,49.58052742722368,-89.76160956537755,109.98098521506813,58.87542072199317
2022-09-04 04:21:55,49.51771533945004,-89.77418636270761,109.01786221702008,58.81354613544154
2022-09-04 04:21:56,49.45089429050755,-89.78636722133977,109.66963734564551,58.75166785360993
2022-09-04 04:21:57,49.384962646737456,-89.79861116056388,109.96180236136631,58.68978385683192
2022-09-04 04:21:58,49.31969580670696,-89.81089613003226,109.9870651245208,58.627894092382036
2022-09-04 04:21:59,49.254536834612736,-89.82316736502811,109.96855986600548,58.56599698363081
2022-09-04 04:22:00,49.18926817826679,-89.83540740715047,109.9961352381946,58.5041002073269
2022-09-04 04:22:01,49.12410725947994,-89.84764070453932,109.98023833956509,58.44219608524126
2022-09-04 04:22:02,49.06104081614595,-89.86002590283293,109.13711607490278,58.38028254006139
2022-09-04 04:22:03,48.994214809846035,-89.8720675790591,109.77785668998379,58.318366324922756
2022-09-04 04:22:04,48.928493616303015,-89.88418218525837,109.98245771822796,58.2564460682371
2022-09-04 04:22:05,48.86332347750559,-89.89632849589563,109.97078754295048,58.19452092177191
2022-09-04 04:22:06,48.798149088740736,-89.90845047505827,109.96025070672509,58.13258894170888
2022-09-04 04:22:07,48.73286538574108,-89.92054723131582,109.99353944945163,58.07065466290739
2022-09-04 04:22:08,48.66768605531904,-89.93262739551885,109.98466919591604,58.008711306865706
2022-09-04 04:22:09,48.60426329490096,-89.94483409466368,109.2980260815013,57.946764329187424
2022-09-04 04:22:10,48.53743495974565,-89.95673637957425,109.9281888893345,57.884814812636485
2022-09-04 04:22:11,48.4721413144424,-89.96874739556048,109.9648567448268,57.82285886126832
2022-09-04 04:22:12,48.40695235314371,-89.98074698952271,109.95985686489124,57.7608942523185
2022-09-04 04:22:13,48.34165679764211,-89.99271931711493,109.99836615199835,57.698931287890986
2022-09-04 04:22:14,48.276466378921995,-90.00467847641892,109.9954147539708,57.63696011775144
2022-09-04 04:22:15,48.21127022449002,-90.01661618242485,109.99359022613731,57.57498111165652
2022-09-04 04:22:16,48.14738735783928,-90.02863970745115,109.49686152623936,57.513002634040745
2022-09-04 04:22:17,48.080878601681924,-90.04043810894561,109.99275480277093,57.45101521563567
2022-09-04 04:22:18,48.01568196128237,-90.0523175757366,109.99383486936142,57.389027595049505
2022-09-04 04:22:19,47.950480089752354,-90.06417423516106,109.99591106995994,57.327032501930226
2022-09-04 04:22:20,47.885277558021244,-90.0760194565749,109.9984535684247,57.26503283548172
2022-09-04 04:22:21,47.820181382169686,-90.08784847676677,109.96155903102176,57.20302889416043
2022-09-04 04:22:22,47.75725725788348,-90.09981536529723,109.1178144922098,57.14102340789641
2022-09-04 04:22:23,47.690416040921434,-90.11148037980216,109.73033845493345,57.0790070834876
2022-09-04 04:22:24,47.624556216877245,-90.12319345081261,109.97876013806835,57.0169924320603
2022-09-04 04:22:25,47.55934369041447,-90.13493576068889,109.98625051637697,56.95497115427504
2022-09-04 04:22:26,47.494128210653415,-90.14666407583024,109.99435382714661,56.892943789777945
2022-09-04 04:22:27,47.429019898714635,-90.15837956431386,109.96364195665332,56.83091300257405
2022-09-04 04:22:28,47.3638000014683,-90.17006673731923,109.9733840215475,56.76887594976019
2022-09-04 04:22:29,47.300200239973435,-90.18184972414167,109.39326066216266,56.706837622269155
2022-09-04 04:22:30,47.23335655284506,-90.1933853978159,109.99595797712028,56.644792385735116
2022-09-04 04:22:31,47.16823840965856,-90.20502457358802,109.96940344961132,56.582742984163374
2022-09-04 04:22:32,47.10301535885347,-90.21664058089553,109.98243826426739,56.52069266253404
2022-09-04 04:22:33,47.03778421447983,-90.22823216726346,109.99655063372796,56.45863302810028
2022-09-04 04:22:34,46.9726623557486,-90.23981606690265,109.97291346461805,56.3965729921732
2022-09-04 04:22:35,46.90990393994348,-90.25154404080602,109.10191818431971,56.33450968696188
2022-09-04 04:22:36,46.84305493967593,-90.26297700659175,109.69762197711363,56.27243683713425
2022-09-04 04:22:37,46.77707043059503,-90.27444742478842,109.98410165232413,56.21036619810835
2022-09-04 04:22:38,46.71193909630522,-90.28595909763983,109.96419518318322,56.14828767355803
2022-09-04 04:22:39,46.646701827696866,-90.2974491447732,109.98347903166724,56.086208482220734
2022-09-04 04:22:40,46.5815658222945,-90.30892507523714,109.96506370895547,56.02412002436394
2022-09-04 04:22:41,46.516322906571595,-90.32037486311332,109.98566523025772,55.96203022512657
2022-09-04 04:22:42,46.45267966980171,-90.33191229594573,109.44249270960836,55.89993390452323
2022-09-04 04:22:43,46.38593932198636,-90.34323368979207,109.9914025871768,55.8378389880996
2022-09-04 04:22:44,46.32079911272185,-90.35464104399664,109.97669484030061,55.77573794853601
2022-09-04 04:22:45,46.2556545988062,-90.36602641863354,109.96318490028024,55.713631450443415
2022-09-04 04:22:46,46.19040190142027,-90.3773912316059,109.98762585250836,55.651521047275125
2022-09-04 04:22:47,46.12525567727364,-90.388745264146,109.97552330642338,55.58940769954372
2022-09-04 04:22:48,46.06223444352012,-90.40020939678655,109.22786184294162,55.52728978260124
2022-09-04 04:22:49,45.99538257917275,-90.41142957310596,109.80763311649574,55.46517013833888
2022-09-04 04:22:50,45.92969732448694,-90.4227009528385,109.98164239546449,55.403043454010664
2022-09-04 04:22:51,45.8645437041401,-90.43398415250996,109.97325275487518,55.34091541942144
2022-09-04 04:22:52,45.79938740839023,-90.44525690734773,109.96522614106196,55.278781266886156
2022-09-04 04:22:53,45.7341256347112,-90.45650058517914,109.9949151630055,55.21664750879703
2022-09-04 04:22:54,45.67171918813997,-90.46789562692533,109.0511062845507,55.15450648432551
2022-09-04 04:22:55,45.604863264444134,-90.47901440871685,109.62440375654727,55.09236389417959
2022-09-04 04:22:56,45.53864448166191,-90.49015905026059,109.97929345277448,55.030218312750584
2022-09-04 04:22:57,45.47347752954541,-90.50134797851739,109.97550191537509,54.96806425264489
2022-09-04 04:22:58,45.40831091458722,-90.51251576720759,109.97264832732597,54.90590894930318
2022-09-04 04:22:59,45.34314225649679,-90.52366763762761,109.9710070910306,54.84375087061848
2022-09-04 04:23:00,45.27797414291639,-90.53480630078631,109.9697201781368,54.78159003079897
2022-09-04 04:23:01,45.21427924313365,-90.54600923256201,109.47666956471052,54.719426307493094
2022-09-04 04:23:02,45.14763219123549,-90.55703605066806,109.97008966031865,54.6572587015148
2022-09-04 04:23:03,45.082458159628395,-90.56812220630239,109.97120746224418,54.595086650732725
2022-09-04 04:23:04,45.017280321723746,-90.57919756436439,109.97314456848648,54.53290912111055
2022-09-04 04:23:05,44.95210401368891,-90.59025542068723,109.97575477881446,54.47073092277402
2022-09-04 04:23:06,44.8869251498301,-90.60129793709665,109.97952615541162,54.40854957747381
2022-09-04 04:23:07,44.82363276300103,-90.61241874730884,109.36231904501548,54.34636205336619
2022-09-04 04:23:08,44.75677262538398,-90.62334514382054,109.91973415180452,54.28417468598095
2022-09-04 04:23:09,44.691376821990474,-90.63432727038169,109.99401453265956,54.22197956305819
2022-09-04 04:23:10,44.62629672641311,-90.64531334723813,109.96652325626714,54.15978497442855
2022-09-04 04:23:11,44.56111289549628,-90.65627712096638,109.97393346142462,54.097589350397776
2022-09-04 04:23:12,44.495922087964296,-90.66722434957117,109.9818939182794,54.03538482692859
2022-09-04 04:23:13,44.43292973542874,-90.67826841462481,109.28051445252484,53.973182083758715
2022-09-04 04:23:14,44.36606167481332,-90.68910339522971,109.83106340069541,53.910968290294875
2022-09-04 04:23:15,44.300454821491705,-90.69998678544012,109.97640458163337,53.848761152212276
2022-09-04 04:23:16,44.23526018631092,-90.71087716917098,109.9872385292674,53.78654578749786
2022-09-04 04:23:17,44.17006445568451,-90.72174807063294,109.99887518265919,53.724328084729315
2022-09-04 04:23:18,44.10497272558421,-90.73261038329592,109.97738396623963,53.662106829506556
2022-09-04 04:23:19,44.042167084163225,-90.74356615157198,109.22791863682698,53.59988125334898
2022-09-04 04:23:20,43.975298524669796,-90.75431705318903,109.77252123350526,53.53765107943637
2022-09-04 04:23:21,43.909474579877504,-90.76510059531186,109.9850849797452,53.475422208051114
2022-09-04 04:23:22,43.844376025735336,-90.77590803566495,109.96749913308726,53.413189758235475
2022-09-04 04:23:23,43.779172722508136,-90.78669137639244,109.98297386683659,53.35095342221021
2022-09-04 04:23:24,43.713968694002645,-90.79745912315794,109.99963580166059,53.288716412490764
2022-09-04 04:23:25,43.65135293014217,-90.80833112403944,109.20363269227335,53.2264714374686
2022-09-04 04:23:26,43.58448480934268,-90.81899718781638,109.74241974907665,53.1642265842759
2022-09-04 04:23:27,43.51854863104792,-90.82969537888184,109.98742384946051,53.1019766226344
2022-09-04 04:23:28,43.453439605445986,-90.8404109687267,109.97415150032414,53.03972365550457
2022-09-04 04:23:29,43.388233146935676,-90.85110945191235,109.99394476984298,52.97747537896313
2022-09-04 04:23:30,43.323117768767446,-90.86180039062108,109.98216997594584,52.9152131410158
2022-09-04 04:23:31,43.26048811578194,-90.87257561350225,109.20616843179634,52.85295550621158
2022-09-04 04:23:32,43.19362079321468,-90.88316519082827,109.73880321068678,52.79069543795238
2022-09-04 04:23:33,43.12767719257017,-90.8937757946831,109.98329775427646,52.728426002997914
2022-09-04 04:23:34,43.062563930581646,-90.90441132117834,109.97467779560294,52.666160057504094
2022-09-04 04:23:35,42.99734013268684,-90.91502455737992,109.9979772598047,52.603884610345084
2022-09-04 04:23:36,42.9322235037824,-90.92563299338137,109.99082127622917,52.54161253310023
2022-09-04 04:23:37,42.86957432731617,-90.93631725166324,109.23347318685545,52.4793347314702
2022-09-04 04:23:38,42.80270217893426,-90.94682651527991,109.75984585579418,52.41705408232364
2022-09-04 04:23:39,42.73686171584232,-90.95736186445782,109.97294526675351,52.35477361511586
2022-09-04 04:23:40,42.67163599903475,-90.96790969842533,109.99963324916548,52.29248935864953
2022-09-04 04:23:41,42.60651172484843,-90.97844668931575,109.99589496301442,52.2302021075765
2022-09-04 04:23:42,42.54138433579592,-90.98896604615571,109.99302093857143,52.167910997341686
2022-09-04 04:23:43,42.47861961926346,-90.99956731418402,109.28493167359844,52.10562056539087
2022-09-04 04:23:44,42.41174599135226,-91.00999537908493,109.80541090445661,52.04332392378141
2022-09-04 04:23:45,42.346002655724,-91.02045738437053,109.98799008037517,51.981027025957374
2022-09-04 04:23:46,42.28087136131963,-91.03093075437332,109.98783651562425,51.918725955940864
2022-09-04 04:23:47,42.21573965878651,-91.04138650297094,109.98810610796373,51.85642232143418
2022-09-04 04:23:48,42.15060847168784,-91.05182793427949,109.98921723842207,51.794118296511634
2022-09-04 04:23:49,42.08761987706484,-91.06233663185095,109.35886043653733,51.73180908259513
2022-09-04 04:23:50,42.020746026569796,-91.07269477757337,109.87354172386644,51.66949785728943
2022-09-04 04:23:51,41.9552023401924,-91.08308558429661,109.99676803367541,51.60718604821276
2022-09-04 04:23:52,41.890164843247746,-91.09347994438052,109.97042960621978,51.54486740281412
2022-09-04 04:23:53,41.825029420106674,-91.10385969211019,109.97484363647291,51.482551884532505
2022-09-04 04:23:54,41.759888527031514,-91.11422584265331,109.98025929591434,51.42023093841627
2022-09-04 04:23:55,41.69658296057901,-91.12463817747728,109.45370565593323,51.35790759728998
2022-09-04 04:23:56,41.629705730022856,-91.1349224760866,109.96271933083396,51.29557943430572
2022-09-04 04:23:57,41.5644609476008,-91.14524964394506,109.99912075744432,51.23325102591534
2022-09-04 04:23:58,41.49942101453818,-91.15556652259056,109.97735049440993,51.17092237588091
2022-09-04 04:23:59,41.43427661096245,-91.16587255362786,109.98550281292485,51.10858942321796
2022-09-04 04:24:00,41.37238347117254,-91.17626383289458,109.06304609851149,51.04625459047965
